{"Users":[{"Status":"Offline","User Id":"0","Email":"mazen@gmail.com","Username":"dan","Friend Requests":[],"Content":[],"Friends":[],"Groups":[],"Date of Birth":"12\/12\/2004","HashedPassword":"352cf2503ed19a46dbf425604e054abe6854228ddd7bb0003ab24134fea3d20d","Profile":[]},{"Status":"Offline","User Id":"1","Email":"dan@gmail.com","Username":"ahm","Friend Requests":[],"Content":[],"Friends":[],"Groups":[],"Date of Birth":"12\/12\/2004","HashedPassword":"352cf2503ed19a46dbf425604e054abe6854228ddd7bb0003ab24134fea3d20d","Profile":[]}]}
