{"Groups":[{"Group Admins":[],"Join Requests":[{"User Id":"1","User Status":"Accepted"},{"User Id":"2","User Status":"Accepted"}],"Group Description":"dsada","Contents":[{"timeStamp":"Thu Dec 12 20:45:40 EET 2024","Content Image":"\/home\/dandy\/Pictures\/Screenshot from 2024-09-26 21-46-55.png","Author ID":"1","Content ID":"null","Content Text":"dasd"},{"timeStamp":"Thu Dec 12 22:33:28 EET 2024","Content Image":"\/home\/dandy\/PicturesFrames\/frame_0021.jpg","Author ID":"0","Content ID":"2","Removed":"false","Content Text":"test test"},{"timeStamp":"Thu Dec 12 22:33:28 EET 2024","Content Image":"\/home\/dandy\/PicturesFrames\/frame_0021.jpg","Author ID":"0","Content ID":"null","Content Text":"test test"},{"timeStamp":"Thu Dec 12 23:01:16 EET 2024","Content Image":"\/home\/dandy\/PicturesFrames\/frame_0005.jpg","Author ID":"2","Content ID":"3","Removed":"false","Content Text":"stuff"},{"timeStamp":"Fri Dec 13 00:36:58 EET 2024","Content Image":"\/home\/dandy\/Pictures\/Screenshot from 2024-09-26 21-46-55.png","Author ID":"2","Content ID":"4","Removed":"false","Content Text":"yay works"}],"Group Name":"hello","Group Photo":"\/home\/dandy\/PicturesFrames\/frame_0010.jpg","Group Users":[{"User Id":"2","User Status":"User"},{"User Id":"1","User Status":"Removed"}],"Group Id":"0","Group Creator ID":"0"}],"Users":[{"Status":"Offline","User Id":"3","Email":"dan@gmail.com","Username":"dan","Friend Requests":[],"Content":[],"Friends":[{"Friend Username":"mazen","Friend Status":"Blocked","Friend ID":"0"}],"Date of Birth":"12\/12\/2004","HashedPassword":"352cf2503ed19a46dbf425604e054abe6854228ddd7bb0003ab24134fea3d20d","Profile":[]},{"Status":"Offline","User Id":"1","Email":"ahm@gmail.com","Username":"ahm","Friend Requests":[],"Content":[],"Friends":[{"Friend Username":"mazen","Friend Status":"Blocked","Friend ID":"0"}],"Date of Birth":"12\/12\/2004","HashedPassword":"352cf2503ed19a46dbf425604e054abe6854228ddd7bb0003ab24134fea3d20d","Profile":[]},{"Status":"Online","User Id":"2","Email":"san@gmail.com","Username":"san","Friend Requests":[{"Profile Username":"mazen","Request Status":"Accept","Profile Id":"0"}],"Content":[],"Friends":[{"Friend Username":"mazen","Friend Status":"Blocked","Friend ID":"0"}],"Date of Birth":"12\/12\/2004","HashedPassword":"352cf2503ed19a46dbf425604e054abe6854228ddd7bb0003ab24134fea3d20d","Profile":[]},{"Status":"Offline","User Id":"0","Email":"maz@gmail.com","Username":"mazen","Friend Requests":[],"Content":[],"Friends":[{"Friend Username":"ahm","Friend Status":"Blocked","Friend ID":"1"},{"Friend Username":"dan","Friend Status":"Blocked","Friend ID":"3"},{"Friend Username":"san","Friend Status":"Blocked","Friend ID":"2"}],"Date of Birth":"12\/12\/2004","HashedPassword":"352cf2503ed19a46dbf425604e054abe6854228ddd7bb0003ab24134fea3d20d","Profile":[{"Profile Picture":"\/home\/dandy\/Pictures\/Screenshot from 2024-09-26 21-46-55.png"},{"Cover Picture":"\/home\/dandy\/Pictures\/Screenshot from 2024-11-07 15-12-28.png"}]}]}